model,dates,predicted_log_return,implied_close
autoformer,2026-10-06,0.010246962308883667,336.31866455078125
autoformer,2026-10-07,-0.0007347501814365387,336.0716552734375
autoformer,2026-10-08,-0.0004093516618013382,335.9341125488281
autoformer,2026-10-09,-0.009150858968496323,332.8740539550781
autoformer,2026-10-12,-0.01077629067003727,329.30615234375
autoformer,2026-10-13,0.0006777412490919232,329.5294189453125
autoformer,2026-10-14,0.005561331287026405,331.36712646484375
autoformer,2026-10-15,0.005772373639047146,333.28546142578125
autoformer,2026-10-16,-0.0014596555847674608,332.7992858886719
autoformer,2026-10-19,-0.014569727703928947,327.9856262207031
fedformer,2026-10-06,0.00790954940021038,335.533447265625
fedformer,2026-10-07,0.017232580110430717,341.36566162109375
fedformer,2026-10-08,0.012954268604516983,345.81658935546875
fedformer,2026-10-09,0.01073518954217434,349.5489807128906
fedformer,2026-10-12,0.004526791162788868,351.1348876953125
fedformer,2026-10-13,0.006385336630046368,353.38421630859375
fedformer,2026-10-14,0.0036340351216495037,354.6707763671875
fedformer,2026-10-15,0.003832960268482566,356.03277587890625
fedformer,2026-10-16,0.0029481134843081236,357.083984375
fedformer,2026-10-19,-0.012561285868287086,352.6266174316406
informer,2026-10-06,0.0034660017117857933,334.04583740234375
informer,2026-10-07,-0.00212294002994895,333.3374328613281
informer,2026-10-08,-0.002528970595449209,332.4954833984375
informer,2026-10-09,-0.00605844845995307,330.4871520996094
informer,2026-10-12,-0.0038153626956045628,329.2286376953125
informer,2026-10-13,-0.0068209427408874035,326.9906311035156
informer,2026-10-14,-0.004305046051740646,325.5859680175781
informer,2026-10-15,0.00034906237851828337,325.6996154785156
informer,2026-10-16,-0.005965154152363539,323.7625427246094
informer,2026-10-19,-0.004858958534896374,322.1932373046875
pyraformer,2026-10-06,-7.2212424129247665e-06,332.8876037597656
pyraformer,2026-10-07,0.0047996994107961655,334.48919677734375
pyraformer,2026-10-08,0.01160108670592308,338.3922119140625
pyraformer,2026-10-09,0.007949275895953178,341.0929260253906
pyraformer,2026-10-12,0.001812520669773221,341.7117614746094
pyraformer,2026-10-13,0.00955759547650814,344.99334716796875
pyraformer,2026-10-14,0.00669658649712801,347.31134033203125
pyraformer,2026-10-15,-0.00015416694805026054,347.2578125
pyraformer,2026-10-16,0.005980160553008318,349.3407287597656
pyraformer,2026-10-19,-0.005187568254768848,347.5331726074219
