date,log_return,underlying_close,realized_vol,VIX,10Y_Treasury_Yield
2026-04-10,-3.8261262694405804e-05,260.0159912109375,0.21950714627565948,19.229999542236328,0.4316999912261963
2026-04-13,-0.00492608008275582,258.73828125,0.20872462787399498,19.1200008392334,0.4296999931335449
2026-04-14,-0.0014286586779615176,258.368896484375,0.19165241114918355,18.360000610351562,0.425600004196167
2026-04-15,0.028940167740243536,265.95538330078125,0.21185951219217972,18.170000076293945,0.42820000648498535
2026-04-16,-0.01143785188350778,262.9307556152344,0.21688553889518877,17.940000534057617,0.43090000152587893
2026-04-17,0.02559980227073271,269.7486267089844,0.22078376832364444,17.479999542236328,0.4245999813079834
2026-04-20,0.01038135123703852,272.5635681152344,0.2201039759303926,18.8700008392334,0.425
2026-04-21,-0.025519586387523795,265.69586181640625,0.2420225284801824,19.5,0.4291999816894531
2026-04-22,0.025959176283094874,272.68341064453125,0.2519748197876732,18.920000076293945,0.4294000148773193
2026-04-23,0.0009511674218491973,272.9429016113281,0.251918504430717,19.309999465942383,0.4322999954223633
2026-04-24,-0.008705470074050698,270.5771179199219,0.25570925326582206,18.709999084472656,0.4309999942779541
2026-04-27,-0.012809478192957056,267.1332702636719,0.2617212601498532,18.020000457763672,0.43359999656677245
2026-04-28,0.011517458457321562,270.2277526855469,0.25390193712796383,17.829999923706055,0.43540000915527344
2026-04-29,-0.001996724264136533,269.688720703125,0.2506732347269019,18.809999465942383,0.44180002212524416
2026-04-30,0.004358182101151443,270.86663818359375,0.23464435956140114,16.889999389648438,0.43899998664855955
2026-05-01,0.03187990737243732,279.6409606933594,0.25468014028103775,16.989999771118164,0.4377999782562256
2026-05-04,-0.011885893585031252,276.33685302734375,0.2606810393724076,18.290000915527344,0.4446000099182129
2026-05-05,0.026204266943421806,283.67376708984375,0.270995205820195,17.3799991607666,0.44159998893737795
2026-05-06,0.011649795625348007,286.9978332519531,0.2556325187024681,17.389999389648438,0.43559999465942384
2026-05-07,-0.0002435341172492443,286.9279479980469,0.25039790311438936,17.079999923706055,0.43920001983642576
2026-05-08,0.02025006180098386,292.7974853515625,0.25593171492670513,17.190000534057617,0.4363999843597412
2026-05-11,-0.001263410870084823,292.42779541015625,0.25630986303231856,18.3799991607666,0.44099998474121094
2026-05-12,0.007217267345543894,294.54595947265625,0.25346595942435773,17.989999771118164,0.44629998207092286
2026-05-13,0.013711552929013165,298.6124572753906,0.2531712683058839,17.8700008392334,0.44809999465942385
2026-05-14,-0.002210734971933149,297.9530334472656,0.24172989759250166,17.260000228881836,0.44609999656677246
2026-05-15,0.006750980136725528,299.9713134765625,0.2338397919119351,18.43000030517578,0.45949997901916506
2026-05-18,-0.007992516349121775,297.5833435058594,0.2277372848931337,17.81999969482422,0.4623000144958496
2026-05-19,0.003786811276571553,298.7123718261719,0.22679960161032833,18.059999465942383,0.46669998168945315
2026-05-20,0.010911313869409937,301.98956298828125,0.19982796864507896,17.440000534057617,0.4572000026702881
2026-05-21,0.009024403912911677,304.7271728515625,0.18680581281390918,16.760000228881836,0.45859999656677247
2026-05-22,0.012479664098423927,308.55389404296875,0.18769806584232437,16.700000762939453,0.4558000087738037
2026-05-26,-0.0015879959853538459,308.0643005371094,0.1822899796478314,17.010000228881836,0.4493000030517578
2026-05-27,0.008139921177528297,310.5821533203125,0.1687360854736228,16.290000915527344,0.44809999465942385
2026-05-28,0.0053259869555545925,312.24072265625,0.16809086070752607,15.739999771118164,0.44549999237060545
2026-05-29,-0.0014410019964428765,311.7911071777344,0.16773166786672622,15.319999694824219,0.4453000068664551
2026-06-01,-0.018597851122449393,306.0460510253906,0.1895590499372169,16.049999237060547,0.44749999046325684
2026-06-02,0.028609745520348374,314.92840576171875,0.184154767549646,15.770000457763672,0.44549999237060545
2026-06-03,-0.015796757454885936,309.9926452636719,0.1892765999767606,16.059999465942383,0.4491000175476074
2026-06-04,0.003121575198772482,310.9618225097656,0.1736668564732433,15.399999618530273,0.44770002365112305
2026-06-05,-0.012577593355441377,307.0751647949219,0.18100117950127675,21.510000228881836,0.4535999774932861
2026-06-08,-0.019051885469787897,301.2801818847656,0.19659105045356387,18.920000076293945,0.4552000045776367
2026-06-09,-0.03712710112671881,290.29962158203125,0.22854915162736703,19.8700008392334,0.45279998779296876
2026-06-10,0.003538736828077959,291.3287353515625,0.228927768588259,22.219999313354492,0.45419998168945314
2026-06-11,0.013794257734621061,295.375244140625,0.2327077878160675,19.440000534057617,0.44629998207092286
2026-06-12,-0.01533867189083751,290.879150390625,0.23310974710602395,17.68000030517578,0.4486999988555908
2026-06-15,0.01800742754428881,296.1645812988281,0.2423957038513351,16.200000762939453,0.4468999862670898
2026-06-16,0.009468545598219242,298.9821472167969,0.24356982096619575,16.40999984741211,0.4427999973297119
2026-06-17,-0.011055424053765445,295.6949768066406,0.24503795422020405,18.440000534057617,0.44629998207092286
2026-06-18,0.0069365307945603305,297.7532043457031,0.24594161715793897,16.399999618530273,0.4451000213623047
2026-06-22,-0.0033611561756575186,296.75408935546875,0.2428007522484665,17.280000686645508,0.4508999824523926
2026-06-23,-0.009166281020203648,294.04638671875,0.2416700784293628,19.489999771118164,0.4493000030517578
2026-06-24,-0.004154097032731816,292.8274230957031,0.23618069919609175,18.6299991607666,0.4401999950408936
2026-06-25,-0.06312910528852322,274.91290283203125,0.31595641296739074,18.889999389648438,0.43920001983642576
2026-06-26,0.0308828692129702,283.53546142578125,0.3373540892546774,18.40999984741211,0.4372000217437744
2026-06-29,-0.007214617571347412,281.4972229003906,0.3356199321602215,17.649999618530273,0.4374000072479248
2026-06-30,0.026686927946559438,289.11065673828125,0.3530043939675648,16.450000762939453,0.44180002212524416
2026-07-01,0.017199902237751946,294.1263427734375,0.35560789034920737,16.59000015258789,0.44749999046325684
2026-07-02,0.04727163430823289,308.3640441894531,0.3807628958859205,16.149999618530273,0.4485000133514404
2026-07-06,0.01297326356082142,312.3905944824219,0.37972023296815616,15.569999694824219,0.44790000915527345
2026-07-07,-0.006417317752291537,310.3923034667969,0.3802856578362969,16.1299991607666,0.45289998054504393
2026-07-08,0.008749398121391793,313.1199645996094,0.37863237982960934,16.899999618530273,0.45689997673034666
2026-07-09,0.008989700861949937,315.947509765625,0.37239697072672767,15.84000015258789,0.45390000343322756
2026-07-10,-0.0028501014457968927,315.0483093261719,0.3446063672079962,15.029999732971191,0.45689997673034666
2026-07-13,0.006291108635278855,317.03656005859375,0.3447023165742795,17.15999984741211,0.46090002059936525
2026-07-14,-0.007751077889289723,314.58868408203125,0.3450898273658563,16.5,0.45850000381469724
2026-07-15,0.039359995560940185,327.2178039550781,0.36015399387024005,15.670000076293945,0.4545000076293945
2026-07-16,0.017434906842973087,332.97283935546875,0.35991096869354317,16.729999542236328,0.45689997673034666
2026-07-17,0.0014391811187502526,333.452392578125,0.3598922256121427,18.770000457763672,0.4540999889373779
2026-07-20,-0.021656657586981348,326.3085632324219,0.36771270921748017,18.649999618530273,0.45980000495910645
2026-07-21,0.0035150750095092813,327.45758056640625,0.36764047394812943,17.049999237060547,0.4627999782562256
2026-07-22,-0.005660657333930309,325.60919189453125,0.3683478548733742,16.639999389648438,0.46570000648498533
2026-07-23,-0.01306479450939142,321.3828430175781,0.37040133968052197,18.700000762939453,0.47030000686645507
2026-07-24,0.03470739356294198,332.7330322265625,0.38354407206035745,18.579999923706055,0.4678999900817871
2026-07-27,0.01161331318603087,336.61968994140625,0.2894483149813302,18.670000076293945,0.46409997940063474
2026-07-28,0.00936495711319729,339.78692626953125,0.27896080956901703,18.209999084472656,0.46040000915527346
2026-07-29,-0.0055729125775482845,337.8985900878906,0.2778425057041891,20.65999984741211,0.4622000217437744
2026-07-30,-0.01417498544145801,333.1426696777344,0.2805486451341883,17.09000015258789,0.46630001068115234
2026-07-31,-0.07638287945805575,308.6438293457031,0.39894586013742594,15.989999771118164,0.4744999885559082
2026-08-03,-0.017931956478842527,303.1585693359375,0.36915055420509874,15.859999656677246,0.4685999870300293
2026-08-04,0.01945221084485533,309.1134033203125,0.37286238199695465,16.5,0.46269998550415037
2026-08-05,0.005222674657279986,310.7320251464844,0.37271592273098275,15.8100004196167,0.4617000102996826
2026-08-06,0.004523508767764461,312.14080810546875,0.3717596796911688,15.149999618530273,0.46700000762939453
2026-08-07,0.002940463630559811,313.05999755859375,0.37047435305748544,14.899999618530273,0.46599998474121096
2026-08-10,-0.015451243263146633,308.260009765625,0.37406272864188267,15.460000038146973,0.46989998817443845
2026-08-11,-0.010926951292996926,304.9100036621094,0.3745673803716327,15.279999732971191,0.4684000015258789
2026-08-12,-0.00876217361050629,302.25,0.3747841577008229,14.550000190734863,0.4682000160217285
2026-08-13,0.009909414983244762,305.260009765625,0.34676500236494645,14.630000114440918,0.46409997940063474
2026-08-14,0.0021923891943256765,305.92999267578125,0.33921453209030705,14.25,0.4696000099182129
2026-08-17,-0.0011119714123237288,305.5899963378906,0.33881080625955423,15.1899995803833,0.47239999771118163
2026-08-18,0.014424740792900279,310.0299987792969,0.33838114627994775,15.84000015258789,0.47059998512268064
2026-08-19,0.021696246991930904,316.8299865722656,0.34813135290602976,14.890000343322754,0.46529998779296877
2026-08-20,-0.017608271810496567,311.29998779296875,0.3523345947059203,16.010000228881836,0.4696000099182129
2026-08-21,-0.00628369652735619,309.3500061035156,0.3504634130072977,15.130000114440918,0.473799991607666
2026-08-24,0.0031951171478967837,310.3399963378906,0.32517137092231296,15.850000381469727,0.4703999996185303
2026-08-25,-0.0014188137564350974,309.8999938964844,0.3207350365082787,15.449999809265137,0.4638999938964844
2026-08-26,0.01139025156549776,313.45001220703125,0.3218682167738454,15.210000038146973,0.4664000034332275
2026-08-27,0.0035984764637677197,314.5799865722656,0.32281332049892264,14.510000228881836,0.46719999313354493
2026-08-28,0.016144721120709464,319.70001220703125,0.32712545867766846,14.430000305175781,0.471999979019165
2026-08-31,-0.008954599215930675,316.8500061035156,0.18738563294520874,14.920000076293945,0.4757999897003174
2026-09-01,0.025796622336462183,325.1300048828125,0.19215197848283447,16.34000015258789,0.4796000003814697
2026-09-02,-0.0005230458323249564,324.9599914550781,0.18329186968358693,15.199999809265137,0.4796000003814697
2026-09-03,0.009951549846201446,328.2099914550781,0.18494034939665174,14.319999694824219,0.476200008392334
2026-09-04,-0.025426376168950823,319.9700012207031,0.20861339318662062,14.529999732971191,0.47839999198913574
2026-09-08,-0.011789067471725085,316.2200012207031,0.21323572458785592,15.720000267028809,0.48060002326965334
2026-09-09,-0.002786767546169644,315.3399963378906,0.20569473927692214,16.459999084472656,0.48369998931884767
2026-09-10,0.0349929330682692,326.57000732421875,0.23177188468798288,17.84000015258789,0.4943999767303467
2026-09-11,0.01730351508863038,332.2699890136719,0.23231266453667246,15.84000015258789,0.4974999904632568
2026-09-14,0.002434802700750146,333.0799865722656,0.23156516972613903,17.100000381469727,0.49609999656677245
2026-09-15,-0.005237633595806399,331.3399963378906,0.23377775786168395,17.200000762939453,0.4995999813079834
2026-09-16,0.0032241303235070818,332.4100036621094,0.2331115399889158,17.709999084472656,0.500600004196167
2026-09-17,0.013713772570884974,337.0,0.23272384594861584,15.4399995803833,0.4947000026702881
2026-09-18,-0.002584925929040273,336.1300048828125,0.22447747421188025,14.8100004196167,0.4998000144958496
2026-09-21,0.008443136576545992,338.9800109863281,0.2124285949618788,14.869999885559082,0.49629998207092285
2026-09-22,0.002268912031385673,339.75,0.20922504499911243,14.210000038146973,0.49679999351501464
2026-09-23,-0.008067809857302792,337.0199890136719,0.21367593426005618,15.180000305175781,0.5113999843597412
2026-09-24,-0.0032691668250006928,335.9200134277344,0.21435432121721523,15.670000076293945,0.5162000179290771
2026-09-25,0.01521467993441426,341.07000732421875,0.21645097846422576,14.869999885559082,0.518400001525879
2026-09-28,-0.007859146587689452,338.3999938964844,0.22033710992977357,16.06999969482422,0.5239999771118165
2026-09-29,-0.02695581048132594,329.3999938964844,0.23891440458422739,16.040000915527344,0.5255000114440918
2026-09-30,0.010929716032626784,333.0199890136719,0.23795904688646474,16.34000015258789,0.5293000221252442
2026-10-01,-0.008140611496039531,330.32000732421875,0.22452310759474017,16.389999389648438,0.5236999988555908
2026-10-02,0.010150521837502173,333.69000244140625,0.22679109046019452,15.3100004196167,0.5276999950408936
2026-10-05,-0.0024002765055692256,332.8900146484375,0.2248563369723697,15.520000457763672,0.5310999870300293
