contract_symbol,expiry,strike,option_type,mid_price,impliedVolatility,moneyness,tau_now,tau_horizon,price_now,delta_now,gamma_now,vega_now,theta_now,rho_now,price_horizon,delta_horizon,gamma_horizon,vega_horizon,theta_horizon,rho_horizon,value_low,value_high,expected_pnl,model_vs_market,horizon_date,horizon_spot
AAPL261023C00305000,2026-10-23,305.0,1,29.55,0.40320421020507813,1.0914426709784837,0.049315068493150684,0.010958904109589041,30.436285282110816,0.8472997430921578,0.007915699712913742,0.17441970439599663,-0.19901337149512904,0.12408723547764902,32.40435754321078,0.9920390392790465,0.0015327680754476211,0.007707729793775185,-0.04324543383393877,0.033124233791586834,17.81248347729445,46.73417599290883,2.854357543210778,0.8862852821108156,2026-10-19,337.3486099243164
AAPL261023C00310000,2026-10-23,310.0,1,24.950000000000003,0.3693300372314453,1.0738387569304435,0.049315068493150684,0.010958904109589041,25.755110759367625,0.8193259736172402,0.009633346228087288,0.19443434274798857,-0.2030673312126909,0.12180344774790614,27.429826836540258,0.9863614034764305,0.002675071436046108,0.012321823699902468,-0.061327828389316275,0.03345948728868289,13.230435484238797,41.73500221593889,2.479826836540255,0.8051107593676221,2026-10-19,337.3486099243164
AAPL261023C00315000,2026-10-23,315.0,1,20.549999999999997,0.3123237713623046,1.056793697296627,0.049315068493150684,0.010958904109589041,20.66994740066258,0.798112596451408,0.012194127273783889,0.20813108151856835,-0.18413257447125905,0.12082870677853927,22.436214244653456,0.982766546954598,0.003867160138523013,0.015063371030777858,-0.06330570851598653,0.033873831698695955,8.718979087496336,36.73449563212483,1.886214244653459,0.11994740066258203,2026-10-19,337.3486099243164
AAPL261023C00320000,2026-10-23,320.0,1,16.35,0.29798065307617183,1.0402812957763672,0.049315068493150684,0.010958904109589041,16.61074225715919,0.7369056916193172,0.014814713060434501,0.2412473153328622,-0.203013911211806,0.1127824787936773,17.557234659984545,0.9563634423323659,0.008786751550672961,0.03265437614836049,-0.12606864083359598,0.03343239925405734,5.198587107078538,31.737321289676117,1.2072346599845432,0.26074225715918686,2026-10-19,337.3486099243164
AAPL261023C00325000,2026-10-23,325.0,1,12.25,0.2668530346679688,1.0242769681490385,0.049315068493150684,0.010958904109589041,12.403845393735025,0.669605625225044,0.01836673510704291,0.2678460743934801,-0.20160609677592536,0.10380880158712077,12.756549502310747,0.9116480718613288,0.016996265184428015,0.056565368576378755,-0.1929723509824851,0.032305387427977186,2.382347900597722,26.740532257493555,0.5065495023107474,0.15384539373502548,2026-10-19,337.3486099243164
AAPL261023C00330000,2026-10-23,330.0,1,8.875,0.24109645629882812,1.0087576201467803,0.049315068493150684,0.010958904109589041,8.665269432049513,0.5771158676956328,0.021964037437574635,0.28939043961121214,-0.19647769496965703,0.090468907505258,8.25306501575966,0.812607624552282,0.03160104551732218,0.09502048772469777,-0.29023250711077375,0.02913742329214833,0.7586897824918353,21.750152792028075,-0.6219349842403403,-0.20973056795048706,2026-10-19,337.3486099243164
AAPL261023C00335000,2026-10-23,335.0,1,6.1,0.233406103515625,0.9937015362639925,0.049315068493150684,0.010958904109589041,5.939628108026028,0.463773804656685,0.023025645168455653,0.29370084332023777,-0.1925810177305697,0.07320626655667369,4.59607276993151,0.6181113393372146,0.046261931068966984,0.1346669246839009,-0.3958682452443032,0.022347718173581946,0.18970458546577618,16.806756299282256,-1.5039272300684896,-0.16037189197397161,2026-10-19,337.3486099243164
AAPL261023C00340000,2026-10-23,340.0,1,3.925,0.22669230346679686,0.9790882783777574,0.049315068493150684,0.010958904109589041,3.817142982035577,0.34847970339043105,0.022067410921613226,0.27338163391311315,-0.17378106146419578,0.055325722479922936,2.0607442425531985,0.37616258734807817,0.04741171272287242,0.13404400535599126,-0.3816507707051812,0.013680787036148516,0.03190452421924528,12.016504258646478,-1.8642557574468013,-0.10785701796442293,2026-10-19,337.3486099243164
AAPL261023C00345000,2026-10-23,345.0,1,2.355,0.2205888488769531,0.9648985931838768,0.049315068493150684,0.010958904109589041,2.27597990140886,0.2420897316728287,0.019153867168281335,0.23089854851414293,-0.14262185904338265,0.03862024492014019,0.6963829487332092,0.16924632659515,0.032391309113004106,0.08911217252537233,-0.2465350331552777,0.0061806717877191785,0.003395481206772799,7.640112856934479,-1.6586170512667908,-0.07902009859114001,2026-10-19,337.3486099243164
AAPL261023C00350000,2026-10-23,350.0,1,1.3199999999999998,0.2176591906738281,0.9511143275669642,0.049315068493150684,0.010958904109589041,1.2936457474897338,0.1568828347383467,0.01492762011778379,0.1775614822151464,-0.10809632800142271,0.025116698666291615,0.1763643416152867,0.054597346540690594,0.0143881833202973,0.03905781547445796,-0.10653158953946193,0.0019991205062403145,0.0002641871076464533,4.1317818758255385,-1.1436356583847131,-0.02635425251026602,2026-10-19,337.3486099243164
AAPL261023C00355000,2026-10-23,355.0,1,0.7450000000000001,0.21973436523437498,0.9377183511223591,0.049315068493150684,0.010958904109589041,0.7434392873543842,0.0988607928125847,0.010713890552797974,0.1286549102668215,-0.07899555614824465,0.015862848401186177,0.037310411816348754,0.013792919804084371,0.004540123796515701,0.012442013128309766,-0.034241384980446134,0.0005058314422892152,2.1188351938408213e-05,1.8684338383904588,-0.7076895881836514,-0.0015607126456158582,2026-10-19,337.3486099243164
AAPL261023C00360000,2026-10-23,360.0,1,0.4,0.21826953613281247,0.9246944851345487,0.049315068493150684,0.010958904109589041,0.38091673199944864,0.05641630879197992,0.00703393323396163,0.08390204462516826,-0.05113789312293035,0.009073730528962284,0.005266154038938264,0.0023261750455167785,0.0009432718221705351,0.0025677631585099693,-0.007017147679306188,8.542090564457866e-05,9.04503381956727e-07,0.6564633809249969,-0.39473384596106176,-0.01908326800055138,2026-10-19,337.3486099243164
AAPL261023C00365000,2026-10-23,365.0,1,0.20500000000000002,0.22339643798828124,0.9120274373929794,0.049315068493150684,0.010958904109589041,0.21686418572576294,0.03391673074150182,0.004559591533297464,0.0556651469431426,-0.03470389498719391,0.005460991302397753,0.0008105844924632399,0.00039755429569815037,0.00018213639024151215,0.0005074554789498849,-0.0014189864920505489,1.4608636112958731e-05,6.875639707647712e-08,0.2027298374726847,-0.20418941550753678,0.011864185725762921,2026-10-19,337.3486099243164
AAPL261023P00305000,2026-10-23,305.0,0,0.45499999999999996,0.26270268554687504,1.0914426709784837,0.049315068493150684,0.010958904109589041,0.5391461166693396,-0.0625719881553567,0.0063384499356260796,0.09099735188441058,-0.06609253892044109,-0.010538006878498136,0.0002614626724026306,-0.00011598932481393653,4.904433029947988e-05,0.00016068609545814887,-0.0005270852042531622,-4.316745223500028e-06,1.7658288192130437e-07,0.0739364609984019,-0.45473853732759734,0.08414611666933969,2026-10-19,337.3486099243164
AAPL261023P00310000,2026-10-23,310.0,0,0.7250000000000001,0.25049577636718745,1.0738387569304435,0.049315068493150684,0.010958904109589041,0.8388909791242511,-0.09456132511707427,0.0090962397755412,0.12452125369326379,-0.08617433763923946,-0.01593735380507971,0.0014244898983542253,-0.0005989490480706738,0.00023740750721015628,0.0007416855745764631,-0.002319403037324677,-2.2299081499233555e-05,1.2177438566513769e-06,0.25796454110986033,-0.7235755101016459,0.11389097912425106,2026-10-19,337.3486099243164
AAPL261023P00315000,2026-10-23,315.0,0,1.185,0.24073024902343748,1.056793697296627,0.049315068493150684,0.010958904109589041,1.3398888675019904,-0.1434525128487356,0.012715244612016207,0.16727712734104117,-0.11114305307756056,-0.02421064009532356,0.008095555112332287,-0.0031206015719448255,0.0011150790978548173,0.003347813967012725,-0.010058565377730498,-0.00011625492137376017,1.0549718769347748e-05,0.8088054658069765,-1.1769044448876678,0.15488886750199038,2026-10-19,337.3486099243164
AAPL261023P00320000,2026-10-23,320.0,0,1.895,0.23157506713867188,1.0402812957763672,0.049315068493150684,0.010958904109589041,2.1146580581769427,-0.21222353287293283,0.016939258054984543,0.21437165459889293,-0.13683885086687678,-0.03588250834109131,0.041166781626178484,-0.014176965569752453,0.004411187032543552,0.012740082709411373,-0.03680838004732171,-0.0005286297435098164,8.988542250442863e-05,2.1238661019868488,-1.8538332183738215,0.21965805817694273,2026-10-19,337.3486099243164
AAPL261023P00325000,2026-10-23,325.0,0,2.99,0.22376264526367184,1.0242769681490385,0.049315068493150684,0.010958904109589041,3.292885143503227,-0.3040318922646017,0.021145661706834667,0.2585770906277391,-0.15920135062877375,-0.05153526552972755,0.1826173737942831,-0.054116306584953144,0.013898082589327855,0.038785326560086555,-0.1082155454661359,-0.002020677060215492,0.0007565079551464654,4.62005095267358,-2.807382626205717,0.30288514350322693,2026-10-19,337.3486099243164
AAPL261023P00330000,2026-10-23,330.0,0,4.6,0.2178422943115234,1.0087576201467803,0.049315068493150684,0.010958904109589041,5.016869058810869,-0.41689410932427595,0.024233445273738777,0.28849516682897386,-0.1724811283267639,-0.07091346832698892,0.6730657698529185,-0.16361075958570548,0.03209030745219051,0.08718485651057321,-0.23659396259475235,-0.0061224030777810605,0.005970524028655277,8.353278933908314,-3.926934230147081,0.4168690588108692,2026-10-19,337.3486099243164
AAPL261023P00335000,2026-10-23,335.0,0,6.775,0.21076228698730468,0.9937015362639925,0.049315068493150684,0.010958904109589041,7.297300100260145,-0.5422083432693072,0.025461662907721325,0.2932654112557019,-0.16895995146640994,-0.0926102679946939,1.924383502139392,-0.37058133658376,0.05075306906233129,0.13340748244541015,-0.3496187699010025,-0.013911176138363407,0.036022040015797785,12.900511538778233,-4.850616497860608,0.5223001002601446,2026-10-19,337.3486099243164
AAPL261023P00340000,2026-10-23,340.0,0,9.675,0.20972469970703123,0.9790882783777574,0.049315068493150684,0.010958904109589041,10.37742628336403,-0.6645288086011819,0.02351118046258565,0.2694667555672617,-0.1536130448967929,-0.1142099660282894,4.465887787935458,-0.6341835999940382,0.050787594049026864,0.1328410187613884,-0.3450725655146505,-0.023934996567969637,0.20034867632820053,17.80411628267592,-5.209112212064543,0.70242628336403,2026-10-19,337.3486099243164
AAPL261023P00345000,2026-10-23,345.0,0,13.350000000000001,0.22449505981445309,0.9648985931838768,0.049315068493150684,0.010958904109589041,14.386223356114556,-0.7538210548278308,0.018991363272512017,0.2329936617450001,-0.1414335680323909,-0.13084556318139537,8.362788437039114,-0.8264138116792287,0.032346963834856905,0.09056602114144464,-0.24996704105579737,-0.031468749482661124,0.9451799395683054,22.790846286069097,-4.987211562960887,1.0362233561145544,2026-10-19,337.3486099243164
AAPL261023P00350000,2026-10-23,350.0,0,17.575000000000003,0.28186753295898437,0.9511143275669642,0.049315068493150684,0.010958904109589041,19.601251456581167,-0.7779375669631883,0.014286063310125566,0.22005883119962572,-0.1682450758550322,-0.13737644359817758,13.148463900540548,-0.8908344594497948,0.018787016114750293,0.06604315908821072,-0.2281286624281643,-0.034374819777381764,3.32006254782911,27.793875243950254,-4.4265360994594545,2.0262514565811642,2026-10-19,337.3486099243164
AAPL261023P00355000,2026-10-23,355.0,0,21.925,0.29798065307617183,0.9377183511223591,0.049315068493150684,0.010958904109589041,24.030305806798765,-0.8250395975291489,0.011700387412042388,0.19053268463553047,-0.1533625170548268,-0.14729313674654043,17.862667716929252,-0.9471142688132875,0.010248004331011551,0.03808485835351166,-0.1369479175117356,-0.03697209312225503,6.220611128308121,32.78888401173998,-4.062332283070749,2.1053058067987642,2026-10-19,337.3486099243164
AAPL261023P00360000,2026-10-23,360.0,0,26.725,0.32520206054687495,0.9246944851345487,0.049315068493150684,0.010958904109589041,28.79746272086254,-0.8518440772209748,0.009618768181400943,0.1709440243984394,-0.14987524775459998,-0.1540444192102048,22.759126240616183,-0.9706345468435202,0.005820449847762221,0.02360667477834435,-0.09086607175089907,-0.03837822919044345,10.047360837723772,37.787573851526645,-3.9658737593838183,2.0724627208625392,2026-10-19,337.3486099243164
AAPL261023P00365000,2026-10-23,365.0,0,31.75,0.36048002807617185,0.9120274373929794,0.049315068493150684,0.010958904109589041,33.75651299274335,-0.8658579512373727,0.008111935108977664,0.15980370839009844,-0.15533158874086528,-0.15879056501767483,27.719131781889473,-0.9806433584178676,0.0036992040191185125,0.016630850869970758,-0.06972164933915906,-0.0392918143096625,14.43145438762025,42.787170788447156,-4.030868218110527,2.006512992743353,2026-10-19,337.3486099243164
AAPL261030C00305000,2026-10-30,305.0,1,30.525,0.39325557922363286,1.0914426709784837,0.0684931506849315,0.030136986301369864,31.579862225001563,0.817313764403538,0.007730238042481955,0.23073657470089104,-0.18497626815553972,0.16472310190387796,33.070328404768134,0.9348679317395794,0.005514161082830321,0.0743724369531955,-0.1370503637083156,0.08507854129135334,19.788062830236385,46.912603049181484,2.545328404768135,1.054862225001564,2026-10-19,337.3486099243164
AAPL261030C00310000,2026-10-30,310.0,1,25.925,0.3577945080566406,1.0738387569304435,0.0684931506849315,0.030136986301369864,26.846130919548642,0.7914595628122421,0.009207781285879315,0.25005603800329157,-0.18238037872786464,0.16207044831415376,28.19529712757503,0.9184575539031625,0.007198007553020175,0.08832906611008878,-0.14775110491343432,0.08487933976760528,15.427098366736175,41.92307064352815,2.2702971275750308,0.9211309195486415,2026-10-19,337.3486099243164
AAPL261030C00315000,2026-10-30,315.0,1,22.4,0.34754070434570306,1.056793697296627,0.0684931506849315,0.030136986301369864,22.878102254637326,0.7443456722503998,0.010619530861268076,0.2801300437322279,-0.19798573825974586,0.15404598594815022,23.647904944700713,0.8787812248864635,0.009898590093105073,0.11798768709172468,-0.1903582839700843,0.08221602511456697,11.826433301473372,37.03116147268844,1.2479049447007142,0.4781022546373279,2026-10-19,337.3486099243164
AAPL261030C00320000,2026-10-30,320.0,1,18.25,0.3064034204101562,1.0402812957763672,0.0684931506849315,0.030136986301369864,18.20431375503125,0.7044022166173622,0.012937467014007522,0.30087877022236786,-0.18752765110193712,0.14813982907747555,18.867782861339663,0.8466483014020569,0.013185849351379663,0.1385668643174298,-0.1968693691241793,0.08038976141988238,7.993393699812856,32.034353123520305,0.6177828613396628,-0.04568624496874918,2026-10-19,337.3486099243164
AAPL261030C00325000,2026-10-30,325.0,1,14.625,0.303168589477539,1.0242769681490385,0.0684931506849315,0.030136986301369864,14.897727490016422,0.6355453031713463,0.014223903616759046,0.32730428023312086,-0.20131842190723379,0.13470476561125938,14.841305987246585,0.769717825654648,0.017114152673468334,0.17794970636284257,-0.2487839697901596,0.07378195226971174,5.504299844462963,27.28369115507877,0.21630598724658512,0.2727274900164218,2026-10-19,337.3486099243164
AAPL261030C00330000,2026-10-30,330.0,1,11.375,0.2822947747802734,1.0087576201467803,0.0684931506849315,0.030136986301369864,11.34365557312907,0.5635146585637761,0.016015179776398186,0.34314947472585794,-0.1963030890946085,0.12071558039094218,10.880054680119827,0.6833844166641811,0.02153441063717886,0.2084939707006209,-0.27072690533379606,0.0661985208652136,3.2332230127663593,22.521901408996655,-0.49494531988017343,-0.03134442687093042,2026-10-19,337.3486099243164
AAPL261030C00335000,2026-10-30,335.0,1,8.675,0.2713085565185547,0.9937015362639925,0.0684931506849315,0.030136986301369864,8.49501759382838,0.48071469512291365,0.016858323992716487,0.3471575123118148,-0.19057847385135146,0.10378774267627225,7.589237908131963,0.569570133026271,0.024725570359711322,0.2300739665067585,-0.2864173743189184,0.0556191507383445,1.781589128760686,18.02264380062462,-1.0857620918680375,-0.17998240617162153,2026-10-19,337.3486099243164
AAPL261030C00340000,2026-10-30,340.0,1,6.375,0.26569337829589845,0.9790882783777574,0.0684931506849315,0.030136986301369864,6.249326197333517,0.39591844912060964,0.016644822848501682,0.3356669550712458,-0.18019578349199478,0.08599176173288552,5.018301429053338,0.4430663618869223,0.025377431552561017,0.23125230304428335,-0.28138459228491247,0.04353273201191683,0.923628333846473,13.905201525711504,-1.3566985709466621,-0.12567380266648343,2026-10-19,337.3486099243164
AAPL261030C00345000,2026-10-30,345.0,1,4.550000000000001,0.26099371826171874,0.9648985931838768,0.0684931506849315,0.030136986301369864,4.450599317778284,0.314317646391594,0.015608510765311192,0.30920051148149935,-0.16285650786852776,0.06861822369437112,3.09762401373402,0.3196028046437015,0.023384386944103858,0.2093214400957557,-0.2498491147959603,0.03155943332789169,0.43660735799165096,10.251339881419426,-1.4523759862659809,-0.09940068222171661,2026-10-19,337.3486099243164
AAPL261030C00350000,2026-10-30,350.0,1,3.075,0.2545850909423829,0.9511143275669642,0.0684931506849315,0.030136986301369864,2.998145876766756,0.23777496728993397,0.013944846107868444,0.26946066265194923,-0.13830943859912137,0.05216079895028157,1.7324204995539105,0.20974563264035528,0.01931633451655481,0.16866126574885412,-0.1961800137567474,0.020802047895973397,0.1775030435279472,7.111069311107599,-1.3425795004460896,-0.07685412323324403,2026-10-19,337.3486099243164
AAPL261030C00355000,2026-10-30,355.0,1,1.995,0.2536695727539063,0.9377183511223591,0.0684931506849315,0.030136986301369864,2.0375916562525376,0.1761972803181746,0.01171453385123392,0.22554960449496148,-0.11525395570050012,0.03877857778758866,0.9376533934752516,0.12871554305097177,0.014142209404603326,0.12303914700068333,-0.14248766670033167,0.01280350458725094,0.07311776887852695,4.725917536692634,-1.0573466065247485,0.04259165625253747,2026-10-19,337.3486099243164
AAPL261030C00360000,2026-10-30,360.0,1,1.2799999999999998,0.2514723291015625,0.9246944851345487,0.0684931506849315,0.030136986301369864,1.3197815936402861,0.12483082907061865,0.009387130790300957,0.17917266519005007,-0.09069938390152868,0.027558325290585314,0.46124849738881935,0.07171471287118805,0.00928811668185734,0.08010793511099669,-0.09191317036487662,0.007151992115318013,0.026474088215731273,2.932256923173753,-0.8187515026111805,0.03978159364028633,2026-10-19,337.3486099243164
AAPL261030C00365000,2026-10-30,365.0,1,0.875,0.25440198730468755,0.9120274373929794,0.0684931506849315,0.030136986301369864,0.8933300096828205,0.08942221581191007,0.007291831793153823,0.14080102688100854,-0.07206026486898981,0.01977700871358881,0.23244798082614437,0.03936500990190861,0.005709193963397212,0.049814177975820606,-0.05779360087334612,0.003932058007716067,0.010738053761306765,1.784392990187996,-0.6425520191738556,0.018330009682820503,2026-10-19,337.3486099243164
AAPL261030P00305000,2026-10-30,305.0,0,1.295,0.288947540283203,1.0914426709784837,0.0684931506849315,0.030136986301369864,1.4599620017658879,-0.1151257201152801,0.0077165838258106915,0.16923600348584109,-0.09722176703813136,-0.027249427847502325,0.13195489479477907,-0.020780503157763364,0.0029556384869268287,0.02929058094525938,-0.03836626348957545,-0.002152452499576314,0.010765975202953859,1.0862796180033314,-1.1630451052052209,0.16496200176588793,2026-10-19,337.3486099243164
AAPL261030P00310000,2026-10-30,310.0,0,1.825,0.27735097656249996,1.0738387569304435,0.0684931506849315,0.030136986301369864,1.992119250824274,-0.15321112216908805,0.009786166733189581,0.20601127548920353,-0.11350374957888217,-0.036297652023284624,0.24604669302134496,-0.03726682839186246,0.0050080723644612395,0.047638487632591604,-0.059870676582717,-0.0038629466827492104,0.02145078835139458,1.8139681158103969,-1.578953306978655,0.16711925082427403,2026-10-19,337.3486099243164
AAPL261030P00315000,2026-10-30,315.0,0,2.5949999999999998,0.2716747637939453,1.056793697296627,0.0684931506849315,0.030136986301369864,2.8547589061854524,-0.20679633735185332,0.012066586875533256,0.24881835981303432,-0.13415212409624167,-0.04910629772362132,0.4967587734167793,-0.06939265625843427,0.008382638773045924,0.07810659771355877,-0.09610483590079394,-0.007204630792129053,0.05092158836626259,3.0548733308411045,-2.0982412265832204,0.2597589061854526,2026-10-19,337.3486099243164
AAPL261030P00320000,2026-10-30,320.0,0,3.5999999999999996,0.2645947564697265,1.0402812957763672,0.0684931506849315,0.030136986301369864,3.9640734365871424,-0.2708759368646725,0.014366799489083239,0.28852931504454526,-0.15131694491913864,-0.06447669042971044,0.9316068620659124,-0.11982848283344438,0.012896442256260462,0.11703313047117483,-0.14015439645082178,-0.012463325170628769,0.11096786907873657,4.828844606689387,-2.6683931379340873,0.36407343658714275,2026-10-19,337.3486099243164
AAPL261030P00325000,2026-10-30,325.0,0,5.050000000000001,0.25757578369140627,1.0242769681490385,0.0684931506849315,0.030136986301369864,5.409440153136131,-0.346445417190261,0.01644415043589746,0.3214882849384923,-0.16385837827187533,-0.08269702750444256,1.6645736943583245,-0.19491674785630486,0.018272762869481148,0.16142355920060247,-0.18801354498920655,-0.020318195725511336,0.23246037232043903,7.253294316006674,-3.3854263056416762,0.35944015313613065,2026-10-19,337.3486099243164
AAPL261030P00330000,2026-10-30,330.0,0,6.85,0.25250991638183595,1.0087576201467803,0.0684931506849315,0.030136986301369864,7.3123934578486,-0.43231205547026585,0.017872916998977643,0.34254888433014746,-0.17079355649585784,-0.10357860269591884,2.865058285299071,-0.2987515316084399,0.023467501129265066,0.203237084460748,-0.23176174924201584,-0.031236525864324228,0.4817789192475814,10.397723037814757,-3.9849417147009287,0.4623934578486004,2026-10-19,337.3486099243164
AAPL261030P00335000,2026-10-30,335.0,0,9.05,0.2449416326904297,0.9937015362639925,0.0684931506849315,0.030136986301369864,9.568107732274854,-0.52425573562355,0.01866033379900114,0.34692108608615935,-0.16727223377398048,-0.126087402221593,4.581113986727644,-0.42491931364313174,0.027317142058998555,0.22948565333784227,-0.25335024468025447,-0.04458075593196056,0.9083578096964828,14.122977604056473,-4.468886013272357,0.5181077322748529,2026-10-19,337.3486099243164
AAPL261030P00340000,2026-10-30,340.0,0,11.899999999999999,0.2503737072753906,0.9790882783777574,0.0684931506849315,0.030136986301369864,12.7228059799574,-0.6118741082032961,0.01756536756963624,0.3338063875993002,-0.16400377791376947,-0.1482257443991454,7.261299491183166,-0.5614719545070126,0.026884104511769334,0.23085642480685475,-0.25986726713053987,-0.05927134003867786,1.8609127886191033,18.504643921698687,-4.638700508816832,0.8228059799574012,2026-10-19,337.3486099243164
AAPL261030P00345000,2026-10-30,345.0,0,14.925,0.24433128723144532,0.9648985931838768,0.0684931506849315,0.030136986301369864,15.924567152533086,-0.6988657091345154,0.016361837687522463,0.30343092698082397,-0.14465847452795733,-0.17025341322165247,10.34786928199253,-0.6927891935425436,0.024558009920833544,0.20579268054475144,-0.22500145378982309,-0.07355213007221195,3.1167735671618573,23.073520353515676,-4.577130718007471,0.9995671525330856,2026-10-19,337.3486099243164
AAPL261030P00350000,2026-10-30,350.0,0,18.6,0.2822947747802734,0.9511143275669642,0.0684931506849315,0.030136986301369864,20.74826043103448,-0.7377903571640421,0.013246350979087891,0.28382312555786005,-0.15636797681375797,-0.18243239947592355,14.81126753004446,-0.7653093047442572,0.018574477147631652,0.17983619609777296,-0.22678611373300142,-0.08227014449655648,6.009069286911881,28.062108710611255,-3.7887324699555407,2.1482604310344797,2026-10-19,337.3486099243164
AAPL261030P00355000,2026-10-30,355.0,0,22.65,0.2916330603027343,0.9377183511223591,0.0684931506849315,0.030136986301369864,24.928421036501277,-0.7880311697936441,0.011405405311046522,0.25246208192171155,-0.1430728058012814,-0.19675077307707725,19.04219431568572,-0.8361854592638689,0.01446651442682476,0.1446966012848011,-0.18742889063051923,-0.09075096337013858,8.865468941134111,32.93330997549896,-3.607805684314279,2.2784210365012783,2026-10-19,337.3486099243164
AAPL261030P00360000,2026-10-30,360.0,0,27.0,0.27838856384277344,0.9246944851345487,0.0684931506849315,0.030136986301369864,28.81524539576867,-0.8492368454504897,0.009645938954722898,0.20381895962676466,-0.10894893895157266,-0.21336829542313357,23.295301566298804,-0.9061187498089769,0.010276859369630933,0.09812269655730338,-0.11937792640458403,-0.09914260889446255,11.743714598895139,37.81076153302172,-3.7046984337011963,1.8152453957686703,2026-10-19,337.3486099243164
AAPL261030P00365000,2026-10-30,365.0,0,31.675,0.3184882604980468,0.9120274373929794,0.0684931506849315,0.030136986301369864,33.96783821274187,-0.8551391183132071,0.008208975256413101,0.19844083976447496,-0.12176579672952398,-0.21824322728388854,28.270405580995146,-0.918391153401626,0.008091314673217779,0.08838329548355228,-0.12303077362867681,-0.10188965013770018,16.21420912228939,42.82786601338512,-3.404594419004855,2.2928382127418665,2026-10-19,337.3486099243164
